url,name,price,rating,reviews
https://www.amazon.in/SPENZ-BAGS-Backpack-Raincover-Jet-Black/dp/B0C3RLGGVZ,,,,
https://www.amazon.in/SPENZ-BAGS-Backpack-Raincover-Jet-Black/dp/B0C3RLGGVZ,,,,
https://www.amazon.in/SPENZ-BAGS-Backpack-Raincover-Jet-Black/dp/B0C3RLGGVZ#customerReviews,,,,
https://www.amazon.in/SPENZ-BAGS-Backpack-Raincover-Jet-Black/dp/B0C3RLGGVZ,,,,
https://www.amazon.in/Tommy-Hilfiger-Polyester-TH-KENDALL0815/dp/B082PFY9VC,,,,
https://www.amazon.in/Tommy-Hilfiger-Polyester-TH-KENDALL0815/dp/B082PFY9VC,,,,
https://www.amazon.in/Tommy-Hilfiger-Polyester-TH-KENDALL0815/dp/B082PFY9VC#customerReviews,,,,
https://www.amazon.in/Tommy-Hilfiger-Polyester-TH-KENDALL0815/dp/B082PFY9VC,,,,
https://www.amazon.in/American-Tourister-FS0-11-001/dp/B07S13P8BW,,,,
https://www.amazon.in/American-Tourister-FS0-11-001/dp/B07S13P8BW,,,,
https://www.amazon.in/American-Tourister-FS0-11-001/dp/B07S13P8BW#customerReviews,,,,
https://www.amazon.in/American-Tourister-FS0-11-001/dp/B07S13P8BW,,,,
https://www.amazon.in/ASUS-VP5700-Backpack-Repellent-Suitable/dp/B093HGZMHV,,,,
https://www.amazon.in/ASUS-VP5700-Backpack-Repellent-Suitable/dp/B093HGZMHV,,,,
https://www.amazon.in/ASUS-VP5700-Backpack-Repellent-Suitable/dp/B093HGZMHV#customerReviews,,,,
https://www.amazon.in/ASUS-VP5700-Backpack-Repellent-Suitable/dp/B093HGZMHV,,,,
https://www.amazon.in/F-Gear-String-Polyester-33-cms-Black-Drawstring-Gym-Bag/dp/B07PC28YQ9,F Gear String 11 Ltrs Nylon Black Gym Bag,,4.0,591
https://www.amazon.in/F-Gear-String-Polyester-33-cms-Black-Drawstring-Gym-Bag/dp/B07PC28YQ9,,,,
https://www.amazon.in/F-Gear-String-Polyester-33-cms-Black-Drawstring-Gym-Bag/dp/B07PC28YQ9#customerReviews,,,,
https://www.amazon.in/gp/goldbox/,,,,
https://www.amazon.in/F-Gear-String-Polyester-33-cms-Black-Drawstring-Gym-Bag/dp/B07PC28YQ9,,,,
https://www.amazon.in/Tabelito%C2%AE-Delta-Waterproof-Backpack-Compatible/dp/B0BLK1Z7DQ,,,,
https://www.amazon.in/Tabelito%C2%AE-Delta-Waterproof-Backpack-Compatible/dp/B0BLK1Z7DQ,,,,
https://www.amazon.in/Tabelito%C2%AE-Delta-Waterproof-Backpack-Compatible/dp/B0BLK1Z7DQ#customerReviews,,,,
https://www.amazon.in/Tabelito%C2%AE-Delta-Waterproof-Backpack-Compatible/dp/B0BLK1Z7DQ,"TabelitoÂ® DELTA Casual Waterproof Laptop Backpack/Office Bag/School Bag/College Bag/Business Bag/Unisex Travel Backpack (Compatible with 15.6 inch Laptop) 30 L, (6 Month Warranty)",,4.4,198
https://www.amazon.in/Genie-compartments-Resistant-Lightweight-Travelling/dp/B0C85YCDR7,,,,
https://www.amazon.in/Genie-compartments-Resistant-Lightweight-Travelling/dp/B0C85YCDR7,"Genie Swirl Laptop Backpack for Women, 3 compartments, Water Resistant and Lightweight Bags for Office and Travelling Purpose. 36 litres. (19 inch). Tie-dye print",,4.3,4
https://www.amazon.in/Genie-compartments-Resistant-Lightweight-Travelling/dp/B0C85YCDR7#customerReviews,,,,
https://www.amazon.in/gp/goldbox/,,,,
https://www.amazon.in/Genie-compartments-Resistant-Lightweight-Travelling/dp/B0C85YCDR7,,,,
https://www.amazon.in/Nelle-Harper-Womens-Sling-Green/dp/B07JGQM7DC,,,,
https://www.amazon.in/Nelle-Harper-Womens-Sling-Green/dp/B07JGQM7DC,,,,
https://www.amazon.in/Nelle-Harper-Womens-Sling-Green/dp/B07JGQM7DC#customerReviews,,,,
https://www.amazon.in/gp/goldbox/,,,,
https://www.amazon.in/Nelle-Harper-Womens-Sling-Green/dp/B07JGQM7DC,,,,
https://www.amazon.in/Half-Moon-Waterproof-Backpack-Grey/dp/B09688CSCZ,,,,
https://www.amazon.in/Half-Moon-Waterproof-Backpack-Grey/dp/B09688CSCZ,,,,
https://www.amazon.in/Half-Moon-Waterproof-Backpack-Grey/dp/B09688CSCZ#customerReviews,,,,
https://www.amazon.in/gp/goldbox/,,,,
https://www.amazon.in/Half-Moon-Waterproof-Backpack-Grey/dp/B09688CSCZ,,,,
https://www.amazon.in/American-Tourister-Unisex-Laptop-Backpack/dp/B0C8649NY8,,,,
https://www.amazon.in/American-Tourister-Unisex-Laptop-Backpack/dp/B0C8649NY8,,,,
https://www.amazon.in/American-Tourister-Unisex-Laptop-Backpack/dp/B0C8649NY8#customerReviews,,,,
https://www.amazon.in/American-Tourister-Unisex-Laptop-Backpack/dp/B0C8649NY8,,,,
https://www.amazon.in/Storite-Cross-Travel-Dark-Grey/dp/B07PFF4RYC,,,,
https://www.amazon.in/Storite-Cross-Travel-Dark-Grey/dp/B07PFF4RYC,,,,
https://www.amazon.in/Storite-Cross-Travel-Dark-Grey/dp/B07PFF4RYC#customerReviews,,,,
https://www.amazon.in/gp/goldbox/,,,,
https://www.amazon.in/Storite-Cross-Travel-Dark-Grey/dp/B07PFF4RYC,,,,
https://www.amazon.in/Arctic-Fox-Backpack-Charging-Laptop/dp/B08RS6FXYT,,,,
https://www.amazon.in/Arctic-Fox-Backpack-Charging-Laptop/dp/B08RS6FXYT,,,,
https://www.amazon.in/Arctic-Fox-Backpack-Charging-Laptop/dp/B08RS6FXYT#customerReviews,,,,
https://www.amazon.in/gp/goldbox/,,,,
https://www.amazon.in/Arctic-Fox-Backpack-Charging-Laptop/dp/B08RS6FXYT,,,,
https://www.amazon.in/ZOUK-Handmade-Leather-Womens-handles/dp/B09QRBF32J,,,,
https://www.amazon.in/ZOUK-Handmade-Leather-Womens-handles/dp/B09QRBF32J,,,,
https://www.amazon.in/ZOUK-Handmade-Leather-Womens-handles/dp/B09QRBF32J#customerReviews,,,,
https://www.amazon.in/ZOUK-Handmade-Leather-Womens-handles/dp/B09QRBF32J,,,,
https://www.amazon.in/HAMMONDS-FLYCATCHER-Laptop-Bag-Men/dp/B083M1QK32,,,,
https://www.amazon.in/HAMMONDS-FLYCATCHER-Laptop-Bag-Men/dp/B083M1QK32,,,,
https://www.amazon.in/HAMMONDS-FLYCATCHER-Laptop-Bag-Men/dp/B083M1QK32#customerReviews,,,,
https://www.amazon.in/gp/goldbox/,,,,
https://www.amazon.in/HAMMONDS-FLYCATCHER-Laptop-Bag-Men/dp/B083M1QK32,,,,
https://www.amazon.in/ASUS-Backpack-Cross-Dyed-Material-Suitable/dp/B09Q68446F,,,,
https://www.amazon.in/ASUS-Backpack-Cross-Dyed-Material-Suitable/dp/B09Q68446F,,,,
https://www.amazon.in/ASUS-Backpack-Cross-Dyed-Material-Suitable/dp/B09Q68446F#customerReviews,,,,
https://www.amazon.in/ASUS-Backpack-Cross-Dyed-Material-Suitable/dp/B09Q68446F,,,,
https://www.amazon.in/Frantic-Travelling-Backpacks-Preschool-FullBody_SkyElehpant/dp/B0BD5JQX7T,,,,
https://www.amazon.in/Frantic-Travelling-Backpacks-Preschool-FullBody_SkyElehpant/dp/B0BD5JQX7T,,,,
https://www.amazon.in/Frantic-Travelling-Backpacks-Preschool-FullBody_SkyElehpant/dp/B0BD5JQX7T#customerReviews,,,,
https://www.amazon.in/gp/goldbox/,,,,
https://www.amazon.in/Frantic-Travelling-Backpacks-Preschool-FullBody_SkyElehpant/dp/B0BD5JQX7T,,,,
https://www.amazon.in/s/?k=bags+for+girls&ref=sugsr_0&pd_rd_w=nQuTu&content-id=amzn1.sym.f0166a2b-0975-4017-be10-7ecf88afb403:amzn1.sym.f0166a2b-0975-4017-be10-7ecf88afb403&pf_rd_p=f0166a2b-0975-4017-be10-7ecf88afb403&pf_rd_r=CRQB668PA8RX85VPGXRZ&pd_rd_wg=MGR6V&pd_rd_r=7e846393-eba1-476f-a745-8b2b62c8c5ed&qid=1692631020,,,,
https://www.amazon.in/s/?k=skybags&ref=sugsr_3&pd_rd_w=nQuTu&content-id=amzn1.sym.f0166a2b-0975-4017-be10-7ecf88afb403:amzn1.sym.f0166a2b-0975-4017-be10-7ecf88afb403&pf_rd_p=f0166a2b-0975-4017-be10-7ecf88afb403&pf_rd_r=CRQB668PA8RX85VPGXRZ&pd_rd_wg=MGR6V&pd_rd_r=7e846393-eba1-476f-a745-8b2b62c8c5ed&qid=1692631020,,,,
https://www.amazon.in/s/?k=bags+for+travelling&ref=sugsr_1&pd_rd_w=nQuTu&content-id=amzn1.sym.f0166a2b-0975-4017-be10-7ecf88afb403:amzn1.sym.f0166a2b-0975-4017-be10-7ecf88afb403&pf_rd_p=f0166a2b-0975-4017-be10-7ecf88afb403&pf_rd_r=CRQB668PA8RX85VPGXRZ&pd_rd_wg=MGR6V&pd_rd_r=7e846393-eba1-476f-a745-8b2b62c8c5ed&qid=1692631020,,,,
https://www.amazon.in/s/?k=wildcraft+bags&ref=sugsr_4&pd_rd_w=nQuTu&content-id=amzn1.sym.f0166a2b-0975-4017-be10-7ecf88afb403:amzn1.sym.f0166a2b-0975-4017-be10-7ecf88afb403&pf_rd_p=f0166a2b-0975-4017-be10-7ecf88afb403&pf_rd_r=CRQB668PA8RX85VPGXRZ&pd_rd_wg=MGR6V&pd_rd_r=7e846393-eba1-476f-a745-8b2b62c8c5ed&qid=1692631020,,,,
https://www.amazon.in/s/?k=school+bags&ref=sugsr_2&pd_rd_w=nQuTu&content-id=amzn1.sym.f0166a2b-0975-4017-be10-7ecf88afb403:amzn1.sym.f0166a2b-0975-4017-be10-7ecf88afb403&pf_rd_p=f0166a2b-0975-4017-be10-7ecf88afb403&pf_rd_r=CRQB668PA8RX85VPGXRZ&pd_rd_wg=MGR6V&pd_rd_r=7e846393-eba1-476f-a745-8b2b62c8c5ed&qid=1692631020,,,,
https://www.amazon.in/s/?k=american+tourister+bags&ref=sugsr_5&pd_rd_w=nQuTu&content-id=amzn1.sym.f0166a2b-0975-4017-be10-7ecf88afb403:amzn1.sym.f0166a2b-0975-4017-be10-7ecf88afb403&pf_rd_p=f0166a2b-0975-4017-be10-7ecf88afb403&pf_rd_r=CRQB668PA8RX85VPGXRZ&pd_rd_wg=MGR6V&pd_rd_r=7e846393-eba1-476f-a745-8b2b62c8c5ed&qid=1692631020,,,,
https://www.amazon.in/gp/help/customer/display.html?nodeId=201889520,,,,
https://www.amazon.in/gp/help/customer/contact-us,,,,
https://www.amazon.in#s-skipLinkTargetForFilterOptions,,,,
https://www.amazon.in#s-skipLinkTargetForMainSearchResults,,,Previous,
https://www.amazon.in/s?k=travel+bags&ref=sr_nr_p_cosmo_query_builder_0,,,,
https://www.amazon.in/s?k=tote+bags&ref=sr_nr_p_cosmo_query_builder_1,,,4.0,
https://www.amazon.in/s?k=crossbody+bags&ref=sr_nr_p_cosmo_query_builder_2,,,,
https://www.amazon.in/s?k=backpack+bags&ref=sr_nr_p_cosmo_query_builder_3,,,,
https://www.amazon.in/s?k=shoulder+bags&ref=sr_nr_p_cosmo_query_builder_4,,,,
https://www.amazon.in/s?k=duffle+bags&ref=sr_nr_p_cosmo_query_builder_5,,,,
https://www.amazon.in/s?k=belt+bags&ref=sr_nr_p_cosmo_query_builder_6,,,,
https://www.amazon.in/s?k=gym+bags&ref=sr_nr_p_cosmo_query_builder_7,,,,
https://www.amazon.in/s?k=canvas+bags&ref=sr_nr_p_cosmo_query_builder_8,,,,
https://www.amazon.in/s?k=nylon+bags&ref=sr_nr_p_cosmo_query_builder_9,,,,
https://www.amazon.in/s?k=mesh+bags&ref=sr_nr_p_cosmo_query_builder_10,,,,
https://www.amazon.in/s?k=garment+bags&ref=sr_nr_p_cosmo_query_builder_11,,,4.0,
https://www.amazon.in/s?k=beach+bags&ref=sr_nr_p_cosmo_query_builder_12,,,,
https://www.amazon.in/s?k=sport+bags&ref=sr_nr_p_cosmo_query_builder_13,,,4.0,
https://www.amazon.in/s?k=soccer+bags&ref=sr_nr_p_cosmo_query_builder_14,,,,
https://www.amazon.in/s?k=weekender+bags&ref=sr_nr_p_cosmo_query_builder_15,,,,
https://www.amazon.in/s?k=heavy+duty+bags&ref=sr_nr_p_cosmo_query_builder_16,,,,
https://www.amazon.in/s?k=dance+bags&ref=sr_nr_p_cosmo_query_builder_17,,,,
https://www.amazon.in/s?k=wedding+bags&ref=sr_nr_p_cosmo_query_builder_18,,,,
https://www.amazon.in/s?k=hand+bags&ref=sr_nr_p_cosmo_query_builder_19,,,,
https://www.amazon.in/bags/s?k=bags&rh=p_90%3A6741118031,,,,
https://www.amazon.in/bags/s?k=bags&rh=p_90%3A20912642031,,,,
https://www.amazon.in/bags-Laptop-Backpacks/s?k=bags&rh=n%3A1375464031,,,,
https://www.amazon.in/bags-Casual-Daypacks/s?k=bags&rh=n%3A2917436031,,,,
https://www.amazon.in/bags-Rucksacks-Trekking-Backpacks/s?k=bags&rh=n%3A1984997031,,,4.3,
https://www.amazon.in/bags-Travel-Duffels/s?k=bags&rh=n%3A2917451031,,,,
https://www.amazon.in/bags-Laptop-Messenger-Shoulder/s?k=bags&rh=n%3A1375466031,,,,
https://www.amazon.in/bags-Womens-Handbags/s?k=bags&rh=n%3A17095063031,,,,
https://www.amazon.in/bags-Messenger-Sling/s?k=bags&rh=n%3A2917442031,,,,
https://www.amazon.in/bags-Gym/s?k=bags&rh=n%3A2917502031,,,,
https://www.amazon.in/bags/s?k=bags&rh=p_72%3A1318476031,,,,
https://www.amazon.in/bags/s?k=bags&rh=p_72%3A1318477031,,,,
https://www.amazon.in/bags/s?k=bags&rh=p_72%3A1318478031,,,4.1,
https://www.amazon.in/bags/s?k=bags&rh=p_72%3A1318479031,,,,
https://www.amazon.in/bags/s?k=bags&rh=n%3A976392031%2Cp_89%3AAmerican+Tourister,,,,
https://www.amazon.in/bags/s?k=bags&rh=n%3A976392031%2Cp_89%3AADISA,,,,
https://www.amazon.in/bags/s?k=bags&rh=n%3A976392031%2Cp_89%3ASafari,,,,
https://www.amazon.in/bags/s?k=bags&rh=n%3A976392031%2Cp_89%3AFUR+JADEN,,,,
https://www.amazon.in/bags/s?k=bags&rh=n%3A976392031%2Cp_89%3ASkybags,,,,
https://www.amazon.in/bags/s?k=bags&rh=n%3A976392031%2Cp_89%3AHalf+Moon,,,,
https://www.amazon.in/bags/s?k=bags&rh=n%3A976392031%2Cp_89%3AGear,,,,
https://www.amazon.in/bags/s?k=bags&rh=n%3A976392031%2Cp_89%3AWildHorn,,,,
https://www.amazon.in/bags/s?k=bags&rh=n%3A976392031%2Cp_89%3ALenovo,,,,
https://www.amazon.in/bags/s?k=bags&rh=n%3A976392031%2Cp_89%3AGenie,,,,
https://www.amazon.in/bags/s?k=bags&rh=n%3A976392031%2Cp_89%3AArctic+Fox,,,,
https://www.amazon.in/bags/s?k=bags&rh=n%3A976392031%2Cp_89%3AWildcraft,,,,
https://www.amazon.in/bags/s?k=bags&rh=n%3A976392031%2Cp_89%3ATRUE+HUMAN,,,,
https://www.amazon.in/bags/s?k=bags&rh=n%3A976392031%2Cp_89%3AZipline,,,,
https://www.amazon.in/bags/s?k=bags&rh=n%3A976392031%2Cp_89%3ALavie+Sport,,,4.1,
https://www.amazon.in/bags/s?k=bags&rh=n%3A976392031%2Cp_89%3AF+Gear,,,,
https://www.amazon.in/bags/s?k=bags&rh=n%3A976392031%2Cp_89%3ARed+Lemon,,,,
https://www.amazon.in/bags/s?k=bags&rh=n%3A976392031%2Cp_89%3APuma,,,,
https://www.amazon.in/bags/s?k=bags&rh=n%3A976392031%2Cp_89%3APOLICE,,,,
https://www.amazon.in/bags/s?k=bags&rh=n%3A976392031%2Cp_89%3ATommy+Hilfiger,,,,
https://www.amazon.in/bags/s?k=bags&rh=n%3A976392031%2Cp_89%3Auppercase,,,,
https://www.amazon.in/bags/s?k=bags&rh=n%3A976392031%2Cp_89%3AEUME,,,,
https://www.amazon.in/bags/s?k=bags&rh=n%3A976392031%2Cp_89%3ACOSMUS,,,,
https://www.amazon.in/bags/s?k=bags&rh=n%3A976392031%2Cp_89%3AVISMIINTREND,,,,
https://www.amazon.in/bags/s?k=bags&rh=n%3A976392031%2Cp_89%3Aah+arctic+hunter,,,,
https://www.amazon.in/bags/s?k=bags&rh=n%3A976392031%2Cp_89%3ASwiss+Military,,,,
https://www.amazon.in/bags/s?k=bags&rh=n%3A976392031%2Cp_89%3ALunar%27s,,,,
https://www.amazon.in/bags/s?k=bags&rh=n%3A976392031%2Cp_89%3ANivia,,,,
https://www.amazon.in/bags/s?k=bags&rh=n%3A976392031%2Cp_89%3AHEROZ,,,,
https://www.amazon.in/bags/s?k=bags&rh=n%3A976392031%2Cp_89%3ASTRABO,,,4.3,
https://www.amazon.in/bags/s?k=bags&rh=n%3A976392031%2Cp_89%3AFATMUG,,,,
https://www.amazon.in/bags/s?k=bags&rh=n%3A976392031%2Cp_89%3APOLESTAR,,,,
https://www.amazon.in/bags/s?k=bags&rh=n%3A976392031%2Cp_89%3AKILLER,,,,
https://www.amazon.in/bags/s?k=bags&rh=n%3A976392031%2Cp_89%3ATrunkit,,,,
https://www.amazon.in/bags/s?k=bags&rh=n%3A976392031%2Cp_89%3AMartucci,,,,
https://www.amazon.in/bags/s?k=bags&rh=n%3A976392031%2Cp_89%3AWENGER,,,,
https://www.amazon.in/bags/s?k=bags&rh=n%3A976392031%2Cp_89%3ATabelito,,,,
https://www.amazon.in/bags/s?k=bags&rh=n%3A976392031%2Cp_89%3AVictorinox,,,,
https://www.amazon.in/bags/s?k=bags&rh=n%3A976392031%2Cp_89%3AHAMMONDS+FLYCATCHER,,,,
https://www.amazon.in/bags/s?k=bags&rh=n%3A976392031%2Cp_89%3ALOOKMUSTER,,,,
https://www.amazon.in/bags/s?k=bags&rh=n%3A976392031%2Cp_36%3A1318503031,,,,
https://www.amazon.in/bags/s?k=bags&rh=n%3A976392031%2Cp_36%3A1318504031,,,,
https://www.amazon.in/bags/s?k=bags&rh=n%3A976392031%2Cp_36%3A1318505031,,,4.4,
https://www.amazon.in/bags/s?k=bags&rh=n%3A976392031%2Cp_36%3A1318506031,,,,
https://www.amazon.in/bags/s?k=bags&rh=n%3A976392031%2Cp_36%3A1318507031,,,,
https://www.amazon.in/bags/s?k=bags&rh=p_n_deal_type%3A26921226031,,,,
https://www.amazon.in/bags/s?k=bags&rh=p_n_deal_type%3A26921224031,,,,
https://www.amazon.in/bags/s?k=bags&rh=n%3A976392031%2Cp_n_format_browse-bin%3A30678577031,,,,
https://www.amazon.in/bags/s?k=bags&rh=n%3A976392031%2Cp_n_format_browse-bin%3A30678576031,,,,
https://www.amazon.in/bags/s?k=bags&rh=n%3A1375464031%2Cp_n_feature_browse-bin%3A28241360031,,,,
https://www.amazon.in/bags/s?k=bags&rh=n%3A1375464031%2Cp_n_feature_browse-bin%3A28241354031,,,,
https://www.amazon.in/bags/s?k=bags&rh=n%3A1375464031%2Cp_n_feature_browse-bin%3A28241361031,,,5.0,
https://www.amazon.in/bags/s?k=bags&rh=n%3A1375464031%2Cp_n_feature_browse-bin%3A28241362031,,,4.0,
https://www.amazon.in/bags/s?k=bags&rh=n%3A1375464031%2Cp_n_feature_browse-bin%3A28241352031,,,,
https://www.amazon.in/bags/s?k=bags&rh=n%3A1375464031%2Cp_n_feature_browse-bin%3A28241355031,,,,
https://www.amazon.in/bags/s?k=bags&rh=n%3A1375464031%2Cp_n_feature_browse-bin%3A28241359031,,,,
https://www.amazon.in/bags/s?k=bags&rh=n%3A1375464031%2Cp_n_feature_browse-bin%3A28241357031,,,,
https://www.amazon.in/bags/s?k=bags&rh=n%3A1375464031%2Cp_n_feature_browse-bin%3A28241358031,,,,
https://www.amazon.in/bags/s?k=bags&rh=n%3A1375464031%2Cp_n_feature_six_browse-bin%3A28248122031,,,,
https://www.amazon.in/bags/s?k=bags&rh=n%3A1375464031%2Cp_n_feature_six_browse-bin%3A28248127031,,,,
https://www.amazon.in/bags/s?k=bags&rh=n%3A1375464031%2Cp_n_feature_six_browse-bin%3A28248124031,,,,
https://www.amazon.in/bags/s?k=bags&rh=n%3A1375464031%2Cp_n_feature_six_browse-bin%3A28248126031,,,,
https://www.amazon.in/bags/s?k=bags&rh=n%3A1375464031%2Cp_n_feature_six_browse-bin%3A28248138031,,,,
https://www.amazon.in/bags/s?k=bags&rh=n%3A1375464031%2Cp_n_feature_six_browse-bin%3A28248123031,,,,
https://www.amazon.in/bags/s?k=bags&rh=n%3A1375464031%2Cp_n_feature_six_browse-bin%3A28248136031,,,,
https://www.amazon.in/bags/s?k=bags&rh=n%3A1375464031%2Cp_n_feature_six_browse-bin%3A28248131031,,,,
https://www.amazon.in/bags/s?k=bags&rh=n%3A1375464031%2Cp_n_feature_six_browse-bin%3A28248132031,,,4.0,
https://www.amazon.in/bags/s?k=bags&rh=n%3A1375464031%2Cp_n_feature_six_browse-bin%3A28248128031,,,3.9,
https://www.amazon.in/bags/s?k=bags&rh=n%3A1375464031%2Cp_n_feature_six_browse-bin%3A28248143031,,,,
https://www.amazon.in/bags/s?k=bags&rh=n%3A1375464031%2Cp_n_feature_six_browse-bin%3A60056020031,,,,
https://www.amazon.in/bags/s?k=bags&rh=p_n_is_cod_eligible%3A4931671031,,,,
https://www.amazon.in/bags/s?k=bags&rh=n%3A1375464031%2Cp_n_feature_eighteen_browse-bin%3A88211963031,,,,
https://www.amazon.in/bags/s?k=bags&rh=n%3A1375464031%2Cp_n_feature_eighteen_browse-bin%3A88211964031,,,,
https://www.amazon.in/bags/s?k=bags&rh=n%3A1375464031%2Cp_n_feature_eighteen_browse-bin%3A88211962031,,,,
https://www.amazon.in/bags/s?k=bags&rh=n%3A1375464031%2Cp_n_feature_eighteen_browse-bin%3A88211961031,,,,
https://www.amazon.in/bags/s?k=bags&rh=n%3A1375464031%2Cp_n_feature_seventeen_browse-bin%3A49257396031,,,,
https://www.amazon.in/bags/s?k=bags&rh=n%3A1375464031%2Cp_n_feature_seventeen_browse-bin%3A49257385031,,,,
https://www.amazon.in/bags/s?k=bags&rh=n%3A1375464031%2Cp_n_feature_seventeen_browse-bin%3A49257347031,,,,
https://www.amazon.in/bags/s?k=bags&rh=n%3A1375464031%2Cp_n_feature_seventeen_browse-bin%3A49257393031,,,,
https://www.amazon.in/bags/s?k=bags&rh=n%3A1375464031%2Cp_n_feature_seventeen_browse-bin%3A49257373031,,,,
https://www.amazon.in/bags/s?k=bags&rh=n%3A1375464031%2Cp_n_feature_seventeen_browse-bin%3A49257392031,,,,
https://www.amazon.in/bags/s?k=bags&rh=n%3A1375464031%2Cp_n_feature_seventeen_browse-bin%3A49257362031,,,,
https://www.amazon.in/bags/s?k=bags&rh=n%3A1375464031%2Cp_n_feature_seventeen_browse-bin%3A49257374031,,,,
https://www.amazon.in/bags/s?k=bags&rh=n%3A1375464031%2Cp_n_feature_seventeen_browse-bin%3A49257384031,,,,
